{"stats":{"minecraft:used":{"minecraft:cactus":1},"minecraft:mined":{"minecraft:cactus":1},"minecraft:custom":{"minecraft:jump":129,"minecraft:time_since_rest":447,"minecraft:leave_game":1,"minecraft:deaths":1,"minecraft:walk_on_water_one_cm":130,"minecraft:crouch_one_cm":23,"minecraft:sprint_one_cm":10450,"minecraft:play_time":4005,"minecraft:damage_taken":230,"minecraft:time_since_death":416,"minecraft:walk_one_cm":10607,"minecraft:sneak_time":71,"minecraft:total_world_time":4005,"minecraft:walk_under_water_one_cm":937,"minecraft:swim_one_cm":1072,"minecraft:fall_one_cm":4788,"minecraft:fly_one_cm":30442},"minecraft:picked_up":{"minecraft:cactus":1}},"DataVersion":3953}